{
    "1": {
        "train_accuracy": 59.82396697998047,
        "train_loss": 2.0691249340260547,
        "train_IoU": 14.323570251464844,
        "train_epoch_time": 117.94223690032959,
        "val_accuracy": 70.72384643554688,
        "val_loss": 1.5420628835551469,
        "val_IoU": 23.048954010009766,
        "val_epoch_time": 24.532631874084473
    }
}